icao,iata,name,lat,lon,country,type
BKPR,PRN,Priština Adem Jashari International Airport,42.5728,21.035801,XK,large_airport
DAAB,,Blida Airport,36.503601,2.81417,DZ,medium_airport
DAAD,BUJ,Bou Saada Airport,35.3325,4.20639,DZ,medium_airport
DAAE,BJA,Soummam–Abane Ramdane Airport,36.712547,5.069909,DZ,large_airport
DAAG,ALG,Houari Boumediene Airport,36.693886,3.214531,DZ,large_airport
DAAK,,Boufarik Air Base,36.545799,2.87611,DZ,medium_airport
DAAS,QSF,Ain Arnat Airport,36.178488,5.329909,DZ,medium_airport
DAAV,GJL,Jijel Ferhat Abbas Airport,36.794125,5.873652,DZ,large_airport
DAAZ,,Relizane Airport,35.752955,0.625877,DZ,medium_airport
DABB,AAE,Annaba Rabah Bitat Airport,36.826781,7.81334,DZ,large_airport
DABC,CZL,Mohamed Boudiaf International Airport,36.276001,6.62039,DZ,large_airport
DABS,TEE,Cheikh Larbi Tébessi Airport,35.4315986633,8.12071990967,DZ,medium_airport
DABT,BLJ,Batna Mostefa Ben Boulaid Airport,35.752102,6.30859,DZ,large_airport
DAOB,TID,Abdelhafid Boussouf Bou Chekif Airport,35.341099,1.46315,DZ,medium_airport
DAOI,CFK,Chlef Aboubakr Belkaid International Airport,36.216614,1.341114,DZ,large_airport
DAOL,TAF,Oran Tafraoui Airport,35.5424,-0.532278,DZ,medium_airport
DAON,TLM,Zenata – Messali El Hadj Airport,35.012732,-1.457117,DZ,large_airport
DAOO,ORN,Oran Es-Sénia (Ahmed Ben Bella) International Airport,35.620648,-0.622486,DZ,large_airport
DAOV,MUW,Ghriss Airport,35.207699,0.147142,DZ,medium_airport
DAUB,BSK,Biskra - Mohamed Khider Airport,34.79318,5.738899,DZ,large_airport
DTKA,TBJ,Tabarka-Aïn Draham International Airport,36.98,8.87694,TN,medium_airport
DTMB,MIR,Monastir Habib Bourguiba International Airport,35.75809860229492,10.75469970703125,TN,medium_airport
DTNH,NBE,Enfidha - Hammamet International Airport,36.075833,10.438611,TN,medium_airport
DTTA,TUN,Tunis Carthage International Airport,36.851002,10.2272,TN,large_airport
DTTB,,Bizerte Sidi Ahmed Air Base,37.242356,9.787016,TN,medium_airport
DTTF,GAF,Gafsa Ksar International Airport,34.422000885009766,8.822500228881836,TN,medium_airport
DTTX,SFA,Sfax Thyna International Airport,34.717999,10.691,TN,medium_airport
EBAW,ANR,Antwerp International Airport (Deurne),51.190667,4.463153,BE,medium_airport
EBBE,,Beauvechain Air Base,50.758598,4.76833,BE,medium_airport
EBBL,,Kleine Brogel Air Base,51.168301,5.47,BE,medium_airport
EBBR,BRU,Brussels Airport,50.901402,4.48444,BE,large_airport
EBCI,CRL,Brussels South Charleroi Airport,50.461963,4.459562,BE,large_airport
EBCV,,Chièvres Air Base,50.575802,3.831,BE,medium_airport
EBFN,,Koksijde Air Base,51.090302,2.65278,BE,medium_airport
EBFS,,Florennes Air Base,50.2433013916,4.64583015442,BE,medium_airport
EBKT,KJK,Kortrijk-Wevelgem International Airport,50.818878,3.209551,BE,medium_airport
EBLG,LGG,Liège Airport,50.638574,5.443897,BE,medium_airport
EBOS,OST,Ostend-Bruges International Airport,51.1998,2.874673,BE,large_airport
EDAC,AOC,Leipzig–Altenburg Airport,50.981945,12.506389,DE,medium_airport
EDBR,,Rothenburg/Görlitz Airfield,51.363335,14.95,DE,medium_airport
EDDB,BER,Berlin Brandenburg Airport,52.361738,13.502341,DE,large_airport
EDDC,DRS,Dresden Airport,51.134123,13.767831,DE,large_airport
EDDE,ERF,Erfurt-Weimar Airport,50.978281,10.960713,DE,large_airport
EDDF,FRA,Frankfurt Main Airport,50.026706,8.55835,DE,large_airport
EDDG,FMO,Münster Osnabrück Airport,52.133816,7.688482,DE,large_airport
EDDK,CGN,Cologne Bonn Airport,50.865898,7.14274,DE,large_airport
EDDL,DUS,Düsseldorf Airport,51.289501,6.76678,DE,large_airport
EDDM,MUC,Munich Airport,48.353802,11.7861,DE,large_airport
EDDN,NUE,Nuremberg Airport,49.498699,11.078056,DE,large_airport
EDDP,LEJ,Leipzig/Halle Airport,51.420657,12.232705,DE,large_airport
EDDR,SCN,Saarbrücken Airport,49.214545,7.109735,DE,medium_airport
EDDS,STR,Stuttgart Airport,48.689899,9.22196,DE,large_airport
EDDV,HAJ,Hannover Airport,52.461102,9.68508,DE,large_airport
EDFE,,Frankfurt-Egelsbach Airport,49.96,8.643043,DE,medium_airport
EDFH,HHN,Frankfurt-Hahn Airport,49.946353,7.261734,DE,large_airport
EDFM,MHG,Mannheim-City Airport,49.473057,8.514167,DE,medium_airport
EDFZ,,Mainz-Finthen Airfield,49.967499,8.147222,DE,medium_airport
EDGE,EIB,Eisenach-Kindel Airport,50.991604,10.47973,DE,medium_airport
EDGS,SGE,Siegerland Airport,50.707699,8.08297,DE,medium_airport
EDJA,FMM,Memmingen Allgau Airport,47.988092,10.238248,DE,large_airport
EDLI,BFE,Bielefeld Airport,51.964722,8.544444,DE,medium_airport
EDLN,MGL,Mönchengladbach Airport,51.230278,6.504444,DE,medium_airport
EDLP,PAD,Paderborn Lippstadt Airport,51.612527,8.617459,DE,large_airport
EDLV,NRN,Weeze (Niederrhein) Airport,51.601362,6.141228,DE,large_airport
EDLW,DTM,Dortmund Airport,51.518299,7.61224,DE,large_airport
EDMA,AGB,Augsburg Airport,48.425278,10.931667,DE,medium_airport
EDML,,Landshut Airfield,48.512019,12.034865,DE,medium_airport
EDMO,OBF,Oberpfaffenhofen Airport,48.081402,11.2831,DE,medium_airport
EDNY,FDH,Bodensee Airport Friedrichshafen,47.671299,9.51149,DE,large_airport
EDQA,,Bamberg-Breitenau Airfield,49.920403,10.914233,DE,medium_airport
EDQD,BYU,Bayreuth Airport,49.985001,11.64,DE,medium_airport
EDQM,HOQ,Hof-Plauen Airport,50.288544,11.852876,DE,medium_airport
EDSB,FKB,Karlsruhe Baden-Baden Airport,48.7794,8.0805,DE,large_airport
EDTD,,Donaueschingen-Villingen Airfield,47.973331,8.522222,DE,medium_airport
EDTL,LHA,Lahr Airport,48.369301,7.82772,DE,medium_airport
EDTM,,Mengen-Hohentengen Airfield,48.05389,9.372778,DE,medium_airport
EDTY,,Adolf Würth Airport,49.118332,9.783889,DE,medium_airport
EDUZ,,Zerbst Airfield,52.000832,12.148611,DE,medium_airport
EDVE,BWE,Braunschweig-Wolfsburg Airport,52.319199,10.5561,DE,medium_airport
EDVK,KSF,Kassel Airport,51.418395,9.391638,DE,large_airport
EGBB,BHX,Birmingham Airport,52.453899,-1.74803,GB,large_airport
EGBJ,GLO,Gloucestershire Airport,51.894199,-2.16722,GB,medium_airport
EGBN,NQT,Nottingham City Airport,52.919998,-1.07917,GB,medium_airport
EGDC,,Royal Marines Base Chivenor,51.0872,-4.15034,GB,medium_airport
EGDM,,MoD Boscombe Down,51.152199,-1.74741,GB,medium_airport
EGDR,,RNAS Culdrose,50.08610153198242,-5.255710124969482,GB,medium_airport
EGDX,,MOD St Athan,51.405229,-3.433254,GB,medium_airport
EGDY,YEO,RNAS Yeovilton,51.009399,-2.63882,GB,medium_airport
EGFE,HAW,Haverfordwest Airport,51.833099365234375,-4.9611101150512695,GB,medium_airport
EGFF,CWL,Cardiff International Airport,51.396702,-3.34333,GB,large_airport
EGFH,SWS,Swansea Airport,51.601366,-4.071006,GB,medium_airport
EGGD,BRS,Bristol Airport,51.382326,-2.716453,GB,large_airport
EGGW,LTN,London Luton Airport,51.874699,-0.368333,GB,large_airport
EGHH,BOH,Bournemouth Airport,50.780483,-1.839576,GB,medium_airport
EGHI,SOU,Southampton Airport,50.950298,-1.3568,GB,medium_airport
EGHL,,Lasham Airfield,51.18744,-1.031663,GB,medium_airport
EGHQ,NQY,Cornwall Airport Newquay,50.440601,-4.99541,GB,medium_airport
EGJA,ACI,Alderney Airport,49.706104,-2.21472,GG,medium_airport
EGJB,GCI,Guernsey Airport,49.435001,-2.60197,GG,medium_airport
EGJJ,JER,Jersey Airport,49.207901,-2.19551,JE,medium_airport
EGKA,ESH,Brighton City Airport,50.835602,-0.297222,GB,medium_airport
EGKB,BQH,London Biggin Hill Airport,51.33079910279999,0.0324999988079,GB,medium_airport
EGKK,LGW,London Gatwick Airport,51.148744,-0.185739,GB,large_airport
EGLC,LCY,London City Airport,51.505299,0.055278,GB,medium_airport
EGLF,FAB,Farnborough Airport,51.275799,-0.776333,GB,medium_airport
EGLK,BBS,Blackbushe Airport,51.323898,-0.8475,GB,medium_airport
EGLL,LHR,London Heathrow Airport,51.470748,-0.459909,GB,large_airport
EGMC,SEN,London Southend Airport,51.570562,0.693627,GB,medium_airport
EGMD,LYX,Lydd London Ashford Airport,50.956246,0.939074,GB,medium_airport
EGNX,EMA,East Midlands Airport,52.8311,-1.32806,GB,large_airport
EGOS,,RAF Shawbury,52.798199,-2.66804,GB,medium_airport
EGSC,CBG,Cambridge City Airport,52.205002,0.175,GB,medium_airport
EGSH,NWI,Norwich Airport,52.6758,1.28278,GB,medium_airport
EGSS,STN,London Stansted Airport,51.884998,0.235,GB,large_airport
EGTC,,Cranfield Airport,52.072201,-0.616667,GB,medium_airport
EGTE,EXT,Exeter International Airport,50.734261,-3.413984,GB,medium_airport
EGTK,OXF,London Oxford Airport,51.836899,-1.32,GB,medium_airport
EGUB,BEX,RAF Benson,51.614366,-1.095991,GB,medium_airport
EGUL,LKZ,RAF Lakenheath,52.40954,0.561161,GB,medium_airport
EGUN,MHZ,RAF Mildenhall,52.3619,0.486406,GB,medium_airport
EGUW,,Wattisham Airfield,52.127451,0.956189,GB,medium_airport
EGVA,FFD,RAF Fairford,51.683568,-1.789172,GB,medium_airport
EGVN,BZZ,RAF Brize Norton,51.75,-1.58362,GB,medium_airport
EGVO,ODH,RAF Odiham,51.2341,-0.942825,GB,medium_airport
EGWC,,RAF Cosford,52.640524,-2.305326,GB,medium_airport
EGWU,NHT,RAF Northolt,51.553001,-0.418167,GB,medium_airport
EGXH,BEQ,RAF Honington,52.342602,0.772939,GB,medium_airport
EGXT,,RAF Wittering,52.612598,-0.476453,GB,medium_airport
EGYE,,RAF Barkston Heath,52.960616,-0.559428,GB,medium_airport
EGYM,KNF,RAF Marham,52.648395,0.550692,GB,medium_airport
EHAM,AMS,Amsterdam Airport Schiphol,52.308601,4.76389,NL,large_airport
EHBD,,Kempen Airport Budel,51.255299,5.60139,NL,medium_airport
EHBK,MST,Maastricht Aachen Airport,50.911087,5.769401,NL,large_airport
EHDL,,Deelen Air Base,52.0606,5.87306,NL,medium_airport
EHEH,EIN,Eindhoven Airport,51.4500999451,5.37452983856,NL,large_airport
EHGR,GLZ,Gilze Rijen Air Base,51.567402,4.93183,NL,medium_airport
EHKD,DHR,De Kooy Airfield / Den Helder Naval Air Station,52.923401,4.78062,NL,medium_airport
EHLE,LEY,Lelystad Airport,52.453188,5.514622,NL,medium_airport
EHRD,RTM,Rotterdam The Hague Airport,51.956902,4.43722,NL,large_airport
EHTW,ENS,Twente Airport,52.275833,6.889167,NL,medium_airport
EHVK,UDE,Volkel Air Base,51.657222,5.707778,NL,medium_airport
EHWO,WOE,Woensdrecht Air Base,51.4491,4.34203,NL,medium_airport
EICK,ORK,Cork International Airport,51.841301,-8.49111,IE,large_airport
EIKY,KIR,Kerry Airport,52.180901,-9.52378,IE,medium_airport
EINN,SNN,Shannon Airport,52.702,-8.92482,IE,large_airport
EIWF,WAT,Waterford Airport,52.187199,-7.08696,IE,medium_airport
ELLX,LUX,Luxembourg-Findel International Airport,49.626845,6.212134,LU,large_airport
EPDE,,Deblin Military Air Base,51.551021,21.892322,PL,medium_airport
EPIR,,Inowroclaw Military Air Base,52.829399,18.330601,PL,medium_airport
EPKK,KRK,Kraków John Paul II International Airport,50.077702,19.7848,PL,large_airport
EPKS,,Krzesiny Military Air Base,52.331699,16.9664,PL,medium_airport
EPKT,KTW,Katowice Wojciech Korfanty International Airport,50.476015,19.080705,PL,large_airport
EPLB,LUZ,Lublin Airport,51.240157,22.713461,PL,large_airport
EPLK,,Łask Air Base,51.551701,19.1791,PL,medium_airport
EPLL,LCJ,Łódź Władysław Reymont Airport,51.721901,19.3981,PL,large_airport
EPLY,,Leźnica Wielka Air Base,52.004945,19.143792,PL,medium_airport
EPMM,,Minsk Mazowiecki Military Air Base,52.1954994202,21.6558990479,PL,medium_airport
EPMO,WMI,Warsaw Modlin Airport,52.451099,20.6518,PL,large_airport
EPPO,POZ,Poznań-Ławica Airport,52.421598,16.823359,PL,large_airport
EPPW,,Powidz Military Air Base,52.380087,17.853155,PL,medium_airport
EPRA,RDO,Warsaw Radom Airport,51.38937,21.214742,PL,medium_airport
EPRZ,RZE,Rzeszów-Jasionka Airport,50.109791,22.024155,PL,large_airport
EPTM,,Tomaszów Mazowiecki Military Air Base,51.5844,20.097799,PL,medium_airport
EPWA,WAW,Warsaw Chopin Airport,52.165699,20.9671,PL,large_airport
EPWR,WRO,Copernicus Wrocław Airport,51.103719,16.882096,PL,large_airport
EPZG,IEG,Zielona Góra-Babimost Airport,52.1385,15.7986,PL,medium_airport
ETAD,SPM,Spangdahlem Air Base,49.976507,6.698413,DE,medium_airport
ETAR,RMS,Ramstein Air Base,49.436901,7.60028,DE,medium_airport
ETHB,,Bückeburg Air Base,52.2785,9.08217,DE,medium_airport
ETHC,,Celle Army Airfield,52.591202,10.0221,DE,medium_airport
ETHF,FRZ,Fritzlar Army Airfield,51.1146,9.286,DE,medium_airport
ETHL,,Laupheim Air Base,48.220299,9.91002,DE,medium_airport
ETHN,,Niederstetten Army Air Base,49.39162,9.956747,DE,medium_airport
ETHS,,Faßberg Air Base,52.919399,10.185827,DE,medium_airport
ETIC,,Grafenwöhr Army Air Field,49.6987,11.9402,DE,medium_airport
ETIH,,Hohenfels Army Airfield,49.216541,11.836064,DE,medium_airport
ETND,,Diepholz Air Base,52.585556,8.342222,DE,medium_airport
ETNG,GKE,Geilenkirchen Air Base,50.9608,6.04242,DE,medium_airport
ETNN,,Nörvenich Air Base,50.8312,6.65817,DE,medium_airport
ETNW,,Wunstorf Air Base,52.457298,9.42717,DE,medium_airport
ETOU,WIE,Wiesbaden Army Airfield,50.049800872802734,8.325400352478027,DE,medium_airport
ETSB,,Büchel Air Base,50.173801,7.06333,DE,medium_airport
ETSH,,Holzdorf Air Base,51.767799,13.1677,DE,medium_airport
ETSI,IGS,Ingolstadt Manching Airport,48.7156982421875,11.534000396728516,DE,medium_airport
ETSL,,Lechfeld Air Base,48.185504,10.8612,DE,medium_airport
ETSN,,Neuburg Air Base,48.710999,11.2115,DE,medium_airport
GEML,MLN,Melilla Airport,35.2798,-2.95626,ES,medium_airport
GMFO,OUD,Oujda Angads Airport,34.789558,-1.926041,MA,large_airport
GMME,RBA,Rabat-Salé Airport,34.051498,-6.75152,MA,large_airport
GMMP,NNA,Kenitra Air Base,34.298901,-6.59588,MA,medium_airport
GMMW,NDR,Nador Al Aaroui International Airport,34.9888,-3.02821,MA,large_airport
GMTA,AHU,Cherif Al Idrissi Airport,35.177101,-3.83952,MA,medium_airport
GMTN,TTU,Sania Ramel Airport,35.594299,-5.32002,MA,large_airport
GMTT,TNG,Tangier Ibn Battuta Airport,35.731741,-5.921459,MA,large_airport
LAKU,KFZ,Kukës International Airport,42.035802,20.415955,AL,medium_airport
LAKV,,Kuçovë Air Base,40.7719,19.901899,AL,medium_airport
LATI,TIA,Tirana International Airport Mother Teresa,41.4147,19.7206,AL,large_airport
LBGO,GOZ,Gorna Oryahovitsa Airport,43.151402,25.7129,BG,medium_airport
LBPD,PDV,Plovdiv International Airport,42.067799,24.8508,BG,large_airport
LBPG,,Graf Ignatievo Air Base,42.290401,24.714001,BG,medium_airport
LBPL,,Dolna Mitropoliya Air Base,43.451771,24.502423,BG,medium_airport
LBSF,SOF,Sofia Airport,42.696357,23.417671,BG,large_airport
LDDU,DBV,Dubrovnik Ruđer Bošković Airport,42.562247,18.265543,HR,large_airport
LDOS,OSI,Osijek Airport,45.462355,18.811278,HR,medium_airport
LDPL,PUY,Pula Airport,44.893501,13.9222,HR,large_airport
LDRI,RJK,Rijeka Airport,45.216376,14.57085,HR,large_airport
LDSB,BWK,Brač Airport,43.284454,16.678362,HR,medium_airport
LDSP,SPU,Split Saint Jerome Airport,43.538898,16.298,HR,large_airport
LDZA,ZAG,Zagreb Franjo Tuđman International Airport,45.742901,16.0688,HR,large_airport
LDZD,ZAD,Zadar Airport,44.096986,15.353565,HR,large_airport
LEAB,ABC,Albacete Airport / Los Llanos Air Base,38.948502,-1.86352,ES,medium_airport
LEAL,ALC,Alicante-Elche Miguel Hernández Airport,38.2822,-0.558156,ES,large_airport
LEAM,LEI,Almería Airport,36.843899,-2.3701,ES,medium_airport
LEAS,OVD,Asturias Airport,43.563599,-6.03462,ES,large_airport
LEBA,ODB,Córdoba Airport,37.841999,-4.84888,ES,medium_airport
LEBB,BIO,Bilbao Airport,43.301102,-2.91061,ES,large_airport
LEBG,RGS,Burgos Airport,42.357601,-3.62076,ES,medium_airport
LEBL,BCN,Josep Tarradellas Barcelona-El Prat Airport,41.2971,2.07846,ES,large_airport
LEBZ,BJZ,Badajoz Airport,38.8913,-6.82133,ES,medium_airport
LECH,CDT,Castellón-Costa Azahar Airport,40.213889,0.073333,ES,medium_airport
LECO,LCG,A Coruña Airport,43.302101,-8.37726,ES,medium_airport
LECU,,Madrid-Cuatro Vientos Airport,40.370701,-3.78514,ES,medium_airport
LEDA,ILD,Lleida-Alguaire Airport,41.728185,0.535023,ES,medium_airport
LEGA,,Armilla Air Base,37.133202,-3.63569,ES,medium_airport
LEGE,GRO,Girona-Costa Brava Airport,41.904639,2.761774,ES,large_airport
LEGR,GRX,F.G.L. Airport Granada-Jaén Airport,37.188702,-3.77736,ES,medium_airport
LEGT,,Getafe Air Base,40.294102,-3.72383,ES,medium_airport
LEIB,IBZ,Ibiza Airport,38.872898,1.37312,ES,large_airport
LEJR,XRY,Jerez Airport,36.744598,-6.06011,ES,medium_airport
LELC,,San Javier Airport,37.775002,-0.812389,ES,medium_airport
LELN,LEN,León Airport,42.590709,-5.653406,ES,medium_airport
LELO,RJL,Logroño-Agoncillo Airport,42.460953,-2.322235,ES,medium_airport
LEMD,MAD,Adolfo Suárez Madrid–Barajas Airport,40.493407,-3.572249,ES,large_airport
LEMG,AGP,Málaga-Costa del Sol Airport,36.6749,-4.49911,ES,large_airport
LEMH,MAH,Menorca Airport,39.862598,4.21865,ES,large_airport
LEMI,RMU,Region of Murcia International Airport,37.802852,-1.124884,ES,large_airport
LEMO,OZP,Moron Air Base,37.17490005493164,-5.615940093994141,ES,medium_airport
LEPA,PMI,Palma de Mallorca Airport,39.551701,2.73881,ES,large_airport
LEPP,PNA,Pamplona Airport,42.77,-1.64633,ES,medium_airport
LERI,,Alcantarilla Air Base,37.951099,-1.23032,ES,medium_airport
LERL,CQM,Ciudad Real International Airport,38.856479,-3.969944,ES,medium_airport
LERS,REU,Reus Airport,41.147509,1.168354,ES,large_airport
LERT,ROZ,Rota Naval Station Airport,36.645198822,-6.34946012497,ES,medium_airport
LESA,SLM,Salamanca Airport,40.952099,-5.50199,ES,medium_airport
LESO,EAS,San Sebastián Airport,43.356499,-1.79061,ES,medium_airport
LEST,SCQ,Santiago-Rosalía de Castro Airport,42.896301,-8.41514,ES,large_airport
LESU,LEU,Pirineus - la Seu d'Urgel Airport,42.3386,1.40917,ES,medium_airport
LETL,TEV,Teruel Airport,40.410269,-1.217366,ES,medium_airport
LETO,TOJ,Madrid–Torrejón Airport / Torrejón Air Base,40.487875,-3.456808,ES,medium_airport
LEVC,VLC,Valencia Airport,39.489162,-0.480961,ES,large_airport
LEVD,VLL,Valladolid Airport,41.7061,-4.85194,ES,medium_airport
LEVT,VIT,Vitoria Airport,42.882801,-2.72447,ES,medium_airport
LEVX,VGO,Vigo Airport,42.2318,-8.62677,ES,medium_airport
LEXJ,SDR,Seve Ballesteros-Santander Airport,43.427101,-3.82001,ES,medium_airport
LEZG,ZAZ,Zaragoza Airport,41.666199,-1.04155,ES,large_airport
LEZL,SVQ,Seville Airport,37.417999,-5.89311,ES,large_airport
LFAC,CQF,Calais Marck Airport,50.962101,1.95476,FR,medium_airport
LFAG,,Péronne Saint-Quentin Airfield,49.868871,3.029566,FR,medium_airport
LFAT,LTQ,Le Touquet-Côte d'Opale Airport,50.518284,1.621656,FR,medium_airport
LFAV,,Valenciennes-Denain Airfield,50.327823,3.461061,FR,medium_airport
LFAY,,Amiens Glisy Airfield,49.873004,2.387074,FR,medium_airport
LFBA,AGF,Agen La Garenne airport,44.174171,0.59309,FR,medium_airport
LFBC,,Cazaux (BA 120) Air Base,44.533298,-1.125,FR,medium_airport
LFBD,BOD,Bordeaux–Mérignac Airport,44.82865,-0.715356,FR,large_airport
LFBE,EGC,Bergerac Dordogne-Périgord airport,44.825298,0.518611,FR,medium_airport
LFBF,,Toulouse-Francazal (BA 101) Air Base,43.545601,1.3675,FR,medium_airport
LFBG,CNG,Cognac-Châteaubernard (BA 709) Air Base,45.658298,-0.3175,FR,medium_airport
LFBH,LRH,La Rochelle Île de Ré Airport,46.179199,-1.19528,FR,medium_airport
LFBI,PIS,Poitiers-Biard Airport,46.5877,0.306666,FR,medium_airport
LFBK,MCU,Montluçon-Guéret Airport,46.222599,2.36396,FR,medium_airport
LFBL,LIG,Limoges Airport,45.862801,1.17944,FR,medium_airport
LFBM,,Mont-de-Marsan (BA 118) Air Base,43.911701,-0.5075,FR,medium_airport
LFBN,NIT,Niort - Marais Poitevin Airport,46.313477,-0.394529,FR,medium_airport
LFBO,TLS,Toulouse-Blagnac Airport,43.629101,1.36382,FR,large_airport
LFBP,PUF,Pau Pyrénées Airport,43.380001,-0.418611,FR,medium_airport
LFBT,LDE,Tarbes-Lourdes-Pyrénées Airport,43.178699,-0.006439,FR,medium_airport
LFBU,ANG,Angoulême Brie-Champniers airport,45.729198,0.221456,FR,medium_airport
LFBX,PGX,Périgueux-Bassillac Airport,45.198101,0.815556,FR,medium_airport
LFBZ,BIQ,Biarritz Pays Basque airport,43.468372,-1.523223,FR,medium_airport
LFCC,ZAO,Cahors Lalbenque airport,44.351398,1.47528,FR,medium_airport
LFCG,,Aérodrome de Saint-Girons - Antichan,43.007801,1.10315,FR,medium_airport
LFCH,,Aérodrome d'Arcachon-La Teste-de-Buch,44.596401,-1.11083,FR,medium_airport
LFCI,LBI,Albi Le Sequestre airport,43.913898,2.11306,FR,medium_airport
LFCK,DCM,Castres Mazamet Airport,43.556301,2.28918,FR,medium_airport
LFCR,RDZ,Rodez–Aveyron Airport,44.407902,2.48267,FR,medium_airport
LFCY,RYN,Royan-Médis Airport,45.628101,-0.9725,FR,medium_airport
LFDH,,Auch Gers Airfield,43.683606,0.599747,FR,medium_airport
LFDN,RCO,Rochefort-Saint-Agnant (BA 721) Airport,45.887798,-0.983056,FR,medium_airport
LFGA,CMR,Colmar Houssen airport,48.109901,7.35901,FR,medium_airport
LFGJ,DLE,Dole Tavaux Airport,47.038955,5.427589,FR,medium_airport
LFGW,,Verdun-Le Rozelier Airfield,49.122398,5.46905,FR,medium_airport
LFHO,OBS,Aubenas-South Ardèche Airport,44.544367,4.372194,FR,medium_airport
LFJL,ETZ,Metz-Nancy-Lorraine Airport,48.982101,6.25132,FR,medium_airport
LFJR,ANE,Angers Marcé airport,47.560299,-0.312222,FR,medium_airport
LFKB,BIA,Bastia-Poretta International airport,42.5527,9.48373,FR,large_airport
LFKC,CLY,Calvi Sainte Catherine Airport,42.530422,8.792984,FR,medium_airport
LFKF,FSC,Figari Sud-Corse Airport,41.50185,9.097092,FR,large_airport
LFKJ,AJA,Ajaccio Napoléon Bonaparte airport,41.923599,8.80292,FR,medium_airport
LFKS,SOZ,Solenzara (BA 126) Air Base,41.9244,9.406,FR,medium_airport
LFLA,AUF,Auxerre Branches airport,47.850201,3.49711,FR,medium_airport
LFLB,CMF,Chambéry Aix les Bains airport,45.6381,5.88023,FR,medium_airport
LFLC,CFE,Clermont-Ferrand Auvergne airport,45.786701,3.16917,FR,large_airport
LFLD,BOU,Bourges airport,47.060158,2.369633,FR,medium_airport
LFLI,,Annemasse Airfield,46.192001,6.26839,FR,medium_airport
LFLL,LYS,Lyon Saint-Exupéry Airport,45.725996,5.090139,FR,large_airport
LFLM,,Mâcon-Charnay Airfield,46.295131,4.795977,FR,medium_airport
LFLN,SYT,Saint-Yan Airport,46.414019,4.014177,FR,medium_airport
LFLO,RNE,Roanne-Renaison Airport,46.053818,3.999023,FR,medium_airport
LFLP,NCY,Annecy Meythet airport,45.928947,6.0987,FR,medium_airport
LFLS,GNB,Grenoble Alpes Isère Airport,45.3629,5.32937,FR,medium_airport
LFLU,VAF,Valence-Chabeuil Airport,44.9216,4.9699,FR,medium_airport
LFLV,VHY,Vichy-Charmeil Airport,46.16969,3.403637,FR,medium_airport
LFLW,AUR,Aurillac airport,44.891399,2.42194,FR,medium_airport
LFLX,CHR,Châteauroux Déols airport,46.860221,1.728326,FR,medium_airport
LFLY,LYN,Lyon Bron Airport,45.727947,4.943991,FR,medium_airport
LFMC,,Le Luc-Le Cannet Airfield,43.384701,6.38714,FR,medium_airport
LFMD,CEQ,Cannes Mandelieu Airport,43.547998,6.955176,FR,medium_airport
LFMH,EBU,Saint-Étienne-Bouthéon Airport,45.5406,4.29639,FR,medium_airport
LFMI,,Istres-Le Tubé Air Base,43.522701,4.92384,FR,medium_airport
LFMK,CCF,Carcassonne Salvaza Airport,43.216,2.30632,FR,medium_airport
LFML,MRS,Marseille Provence Airport,43.438088,5.2125,FR,large_airport
LFMN,NCE,Nice-Côte d'Azur Airport,43.658401,7.21587,FR,large_airport
LFMO,,Orange-Caritat (BA 115) Air Base,44.140499,4.86672,FR,medium_airport
LFMP,PGF,Perpignan-Rivesaltes (Llabanère) Airport,42.740398,2.87067,FR,medium_airport
LFMQ,CTT,Le Castellet Airport,43.252499,5.78519,FR,medium_airport
LFMS,,Aérodrome d'Alès Cévennes,44.069698,4.14212,FR,medium_airport
LFMT,MPL,Montpellier-Méditerranée Airport,43.576199,3.96301,FR,large_airport
LFMU,BZR,Béziers Vias airport,43.323502,3.3539,FR,medium_airport
LFMV,AVN,Avignon Caumont airport,43.907299,4.90183,FR,medium_airport
LFMY,,Salon-de-Provence (BA 701) Air Base,43.6064,5.10925,FR,medium_airport
LFNB,MEN,Mende-Brenoux Airfield,44.502102,3.53282,FR,medium_airport
LFOA,,Avord (BA 702) Air Base,47.053299,2.6325,FR,medium_airport
LFOB,BVA,Beauvais-Tillé airport,49.454399,2.11278,FR,large_airport
LFOC,,Châteaudun Airfield,48.057907,1.379309,FR,medium_airport
LFOE,EVX,Évreux-Fauville (BA 105) Air Base,49.028702,1.21986,FR,medium_airport
LFOH,LEH,Le Havre-Octeville Airport,49.534038,0.088406,FR,medium_airport
LFOI,,Abbeville-Buigny Baie de Somme Airfield,50.143501,1.831891,FR,medium_airport
LFOJ,,Orléans-Bricy (BA 123) Air Base,47.987801,1.76056,FR,medium_airport
LFOK,XCR,Chalons Vatry airport,48.77333,4.20611,FR,medium_airport
LFOP,URO,Rouen Vallée de Seine Airport,49.384887,1.179142,FR,medium_airport
LFOT,TUF,Tours Val de Loire Airport,47.432201,0.727606,FR,medium_airport
LFOV,LVA,Laval-Entrammes Airport,48.032208,-0.743999,FR,medium_airport
LFPB,LBG,Paris-Le Bourget International Airport,48.962276,2.436539,FR,large_airport
LFPC,CSF,Creil Air Base,49.253502,2.51914,FR,medium_airport
LFPG,CDG,Charles de Gaulle International Airport,49.00896,2.554117,FR,large_airport
LFPM,,Melun-Villaroche Airfield,48.604698,2.67112,FR,medium_airport
LFPN,TNF,Toussus-le-Noble Airport,48.7519,2.10619,FR,medium_airport
LFPO,ORY,Paris-Orly Airport,48.729499,2.358963,FR,large_airport
LFPT,POX,Pontoise-Cormeilles Aerodrome,49.096064,2.035543,FR,medium_airport
LFPV,VIY,Vélizy-Villacoublay Air Base,48.774406,2.203102,FR,medium_airport
LFQB,,Troyes-Barberey Airport,48.322102,4.0167,FR,medium_airport
LFQE,,Lieutenant Étienne Mantoux Air Base,49.226898,5.67222,FR,medium_airport
LFQG,NVS,Nevers-Fourchambault Airport,47.002913,3.113114,FR,medium_airport
LFQP,,Phalsbourg-Bourscheid Air Base,48.766203,7.200551,FR,medium_airport
LFQQ,LIL,Lille Airport,50.566564,3.102429,FR,large_airport
LFQT,HZB,Merville-Calonne Airport,50.618401,2.64224,FR,medium_airport
LFQV,,Charleville-Mézières Ardennes-Etienne Riché Airfield,49.783901,4.64708,FR,medium_airport
LFQW,,Vesoul-Frotey Airfield,47.638588,6.204443,FR,medium_airport
LFRB,BES,Brest Bretagne airport,48.447899,-4.41854,FR,large_airport
LFRC,CER,Cherbourg Manche airport,49.650101,-1.47028,FR,medium_airport
LFRD,DNR,Dinard Pleurtuit Saint-Malo airport,48.5877,-2.07996,FR,medium_airport
LFRE,LBY,La Baule-Escoublac Airport,47.289398,-2.34639,FR,medium_airport
LFRF,GFR,Granville Airport,48.883099,-1.56417,FR,medium_airport
LFRG,DOL,Deauville Normandie airport,49.365237,0.154481,FR,medium_airport
LFRH,LRT,Lorient South Brittany (Bretagne Sud) Airport,47.760601,-3.44,FR,medium_airport
LFRI,EDM,La Roche-sur-Yon Les Ajoncs Airport,46.7019,-1.37863,FR,medium_airport
LFRJ,LDV,Landivisiau Air Base,48.5303,-4.15164,FR,medium_airport
LFRK,CFR,Caen Carpiquet airport,49.17678,-0.454883,FR,medium_airport
LFRL,,Lanvéoc-Poulmic Air Base,48.2817,-4.44502,FR,medium_airport
LFRM,LME,Le Mans-Arnage Airport,47.948604,0.201702,FR,medium_airport
LFRN,RNS,Rennes-Saint-Jacques Airport,48.0695,-1.73479,FR,medium_airport
LFRO,LAI,Lannion Airport,48.754398,-3.47166,FR,medium_airport
LFRQ,UIP,Quimper-Cornouaille Airport,47.973031,-4.169655,FR,medium_airport
LFRS,NTE,Nantes Atlantique Airport,47.153198,-1.61073,FR,medium_airport
LFRT,SBK,Saint-Brieuc-Armor Airport,48.538628,-2.853518,FR,medium_airport
LFRU,MXN,Morlaix-Ploujean Airport,48.6031990051,-3.81577992439,FR,medium_airport
LFRV,VNE,Vannes-Meucon Airport,47.723301,-2.71856,FR,medium_airport
LFRZ,SNR,Saint-Nazaire-Montoir Airport,47.31142,-2.152634,FR,medium_airport
LFSB,BSL,EuroAirport Basel–Mulhouse–Freiburg,47.60068,7.521117,FR,large_airport
LFSD,DIJ,Dijon Longvic airport,47.268902,5.09,FR,medium_airport
LFSG,EPL,Épinal Mirecourt Airport,48.325001,6.06998,FR,medium_airport
LFSI,,Saint-Dizier – Robinson Air Base,48.636002,4.89942,FR,medium_airport
LFSL,BVE,Brive Souillac airport,45.039722,1.485556,FR,medium_airport
LFSM,,Montbéliard-Courcelles Airfield,47.487,6.79054,FR,medium_airport
LFSN,ENC,Nancy-Essey Airport,48.692101,6.23046,FR,medium_airport
LFSO,,Nancy-Ochey (BA 133) Air Base,48.583099,5.955,FR,medium_airport
LFST,SXB,Strasbourg Airport,48.5383,7.62823,FR,large_airport
LFSX,,Luxeuil-Saint-Sauveur (BA 116) Air Base,47.787747,6.353419,FR,medium_airport
LFTH,TLN,Toulon-Hyères Airport,43.097301,6.14603,FR,medium_airport
LFTW,FNI,Nîmes-Arles-Camargue Airport,43.757401,4.41635,FR,medium_airport
LFXA,,Ambérieu Air Base (BA 278),45.987301,5.32844,FR,medium_airport
LGAD,PYR,Andravida Air Base,37.9207,21.292601,GR,medium_airport
LGAL,AXD,Alexandroupoli Democritus Airport,40.8559,25.956301,GR,medium_airport
LGAV,ATH,Athens Eleftherios Venizelos International Airport,37.936401,23.9445,GR,large_airport
LGBL,VOL,Nea Anchialos National Airport,39.219601,22.7943,GR,medium_airport
LGEL,,Elefsis Air Base,38.063801,23.556,GR,medium_airport
LGIO,IOA,Ioannina King Pyrrhus National Airport,39.6964,20.8225,GR,medium_airport
LGIR,HER,Heraklion International Nikos Kazantzakis Airport,35.339699,25.1803,GR,large_airport
LGKF,EFL,Kefallinia Airport,38.12009811401367,20.500499725341797,GR,medium_airport
LGKL,KLX,Kalamata Airport,37.06829833984375,22.02549934387207,GR,medium_airport
LGKR,CFU,Corfu Ioannis Kapodistrias International Airport,39.60145,19.912179,GR,large_airport
LGKV,KVA,Kavala Alexander the Great International Airport,40.9133,24.6192,GR,large_airport
LGKZ,KZI,Kozani National Airport Filippos,40.286098,21.840799,GR,medium_airport
LGMK,JMK,Mykonos Island National Airport,37.435101,25.348101,GR,medium_airport
LGPZ,PVK,Aktion National Airport,38.925499,20.765301,GR,medium_airport
LGRX,GPA,Patras Araxos Agamemnon Airport,38.1511,21.4256,GR,medium_airport
LGSA,CHQ,Chania International Airport,35.531207,24.150673,GR,large_airport
LGSK,JSI,Skiathos Island National Airport,39.177101,23.5037,GR,medium_airport
LGSR,JTR,Santorini International Airport,36.400045,25.478638,GR,large_airport
LGTG,,Tanagra Air Base,38.339802,23.565001,GR,medium_airport
LGTL,,(*)Kasteli Hellenic Air Force Base,35.191341,25.326588,GR,medium_airport
LGTS,SKG,Thessaloniki Macedonia International Airport,40.51928,22.970009,GR,large_airport
LGZA,ZTH,Zakynthos International Airport Dionysios Solomos,37.7509,20.8843,GR,medium_airport
LHBP,BUD,Budapest Liszt Ferenc International Airport,47.43018,19.262393,HU,large_airport
LHDC,DEB,Debrecen International Airport,47.489469,21.616278,HU,large_airport
LHKA,,Kalocsa-Foktő Airfield,46.55149,18.942299,HU,medium_airport
LHKE,,Kecskemét Air Base,46.9175,19.749201,HU,medium_airport
LHPP,PEV,Pécs-Pogány International Airport,45.988891,18.242044,HU,large_airport
LHPR,,Győr-Pér Airport,47.628436,17.804718,HU,medium_airport
LHSM,SOB,Hévíz–Balaton Airport,46.686391,17.159084,HU,medium_airport
LHSN,,Szolnok Air Base,47.122897,20.2355,HU,medium_airport
LHTA,,Taszár Air Base,46.393101,17.9175,HU,medium_airport
LHTL,,Tököl Airport,47.345299,18.980801,HU,medium_airport
LIBA,,Amendola Air Base,41.538443,15.717181,IT,medium_airport
LIBC,CRV,Crotone Sant'Anna Pythagoras Airport,38.9972,17.0802,IT,medium_airport
LIBD,BRI,Bari Karol Wojtyła International Airport,41.138901,16.760599,IT,large_airport
LIBF,FOG,Foggia Gino Lisa Airport,41.433596,15.534566,IT,medium_airport
LIBG,TAR,Taranto-Grottaglie Marcello Arlotta Airport,40.517502,17.4032,IT,medium_airport
LIBN,LCC,Lecce Galatina Air Base / Galatina Fortunato Cesari Airport,40.239201,18.133301,IT,medium_airport
LIBP,PSR,Abruzzo Airport,42.431079,14.182981,IT,large_airport
LIBR,BDS,Brindisi Airport,40.6576,17.947001,IT,large_airport
LIBV,,Gioia del Colle Antonio Ramirez Air Base,40.767799,16.9333,IT,medium_airport
LICA,SUF,Lamezia Terme Sant'Eufemia International Airport,38.906214,16.246007,IT,large_airport
LICB,CIY,Comiso Airport,36.99583,14.60889,IT,medium_airport
LICC,CTA,Catania-Fontanarossa Airport,37.466801,15.0664,IT,large_airport
LICD,LMP,Lampedusa Airport,35.497898,12.6181,IT,medium_airport
LICG,PNL,Pantelleria Airport,36.816502,11.9689,IT,medium_airport
LICJ,PMO,Falcone–Borsellino Airport,38.175999,13.091,IT,large_airport
LICP,,Palermo-Boccadifalco Airport,38.115919,13.31337,IT,medium_airport
LICR,REG,Reggio Calabria Airport,38.071201,15.6516,IT,medium_airport
LICT,TPS,Vincenzo Florio Airport Trapani-Birgi,37.9114,12.488,IT,medium_airport
LICZ,,Sigonella Navy Air Base,37.401699,14.9224,IT,medium_airport
LIDT,,Trento-Mattarello Airport,46.023333,11.125,IT,medium_airport
LIEA,AHO,Alghero-Fertilia Airport,40.632099,8.29077,IT,medium_airport
LIED,DCI,Decimomannu Air Base,39.354198,8.97248,IT,medium_airport
LIEE,CAG,Cagliari Elmas Airport,39.251499,9.05428,IT,large_airport
LIEO,OLB,Olbia Costa Smeralda Airport,40.898953,9.518457,IT,large_airport
LIET,,Tortolì Airport,39.9188,9.68298,IT,medium_airport
LILE,,Biella-Cerrione Airfield,45.4953,8.10278,IT,medium_airport
LILN,,Varese-Venegono Airport,45.742199,8.888233,IT,medium_airport
LIMA,,Torino-Aeritalia Airport,45.084444,7.603056,IT,medium_airport
LIMC,MXP,Milan Malpensa International Airport,45.6306,8.72811,IT,large_airport
LIME,BGY,Il Caravaggio International Airport,45.669362,9.708851,IT,large_airport
LIMF,TRN,Turin Airport,45.200802,7.64963,IT,large_airport
LIMG,,Riviera Villanova d'Albenga International Airport,44.050598,8.12743,IT,medium_airport
LIMJ,GOA,Genoa Cristoforo Colombo Airport,44.412039,8.840732,IT,large_airport
LIML,LIN,Milano Linate Airport,45.445099,9.27674,IT,large_airport
LIMN,,Cameri Air Base,45.529598,8.66922,IT,medium_airport
LIMP,PMF,Parma Airport,44.826351,10.29705,IT,medium_airport
LIMR,,Novi Ligure Eugenio Mossi Airfield,44.779999,8.78639,IT,medium_airport
LIMS,,Piacenza San Damiano Air Base,44.91442,9.722318,IT,medium_airport
LIMW,AOT,Aosta Corrado Gex Airport,45.738552,7.3683,IT,medium_airport
LIMZ,CUF,Cuneo International Airport,44.547458,7.623045,IT,medium_airport
LIPA,AVB,Aviano Air Base,46.031898,12.596503,IT,medium_airport
LIPB,BZO,Bolzano Airport,46.459245,11.326125,IT,medium_airport
LIPC,,Cervia Air Base,44.224201,12.3072,IT,medium_airport
LIPE,BLQ,Bologna Guglielmo Marconi Airport,44.5354,11.2887,IT,large_airport
LIPH,TSF,Treviso Airport,45.648399,12.1944,IT,large_airport
LIPI,,Udine-Rivolto Air Base,45.978699,13.0493,IT,medium_airport
LIPK,FRL,Forlì-Luigi Ridolfi International Airport,44.194801,12.0701,IT,medium_airport
LIPL,,Ghedi Air Base,45.432551,10.268612,IT,medium_airport
LIPO,VBS,Brescia Gabriele d'Annunzio Airport,45.428902,10.3306,IT,medium_airport
LIPQ,TRS,Trieste Airport,45.827862,13.466672,IT,large_airport
LIPR,RMI,Federico Fellini International Airport,44.020024,12.612198,IT,large_airport
LIPS,,Istrana Air Base,45.684382,12.086594,IT,medium_airport
LIPU,,Padova Gino Allegri Airfield,45.395316,11.847124,IT,medium_airport
LIPX,VRN,Verona Villafranca Valerio Catullo Airport,45.394955,10.887303,IT,large_airport
LIPY,AOI,Marche Airport,43.616299,13.3623,IT,medium_airport
LIPZ,VCE,Venice Marco Polo Airport,45.505299,12.3519,IT,large_airport
LIQS,,Siena-Ampugnano Airport,43.254942,11.255084,IT,medium_airport
LIQW,,Sarzana-Luni Bartolomeo Arrigoni Airport,44.087375,9.987877,IT,medium_airport
LIRA,CIA,Ciampino–G. B. Pastine International Airport,41.798769,12.595331,IT,large_airport
LIRE,,Pratica di Mare Air Base,41.654499,12.4452,IT,medium_airport
LIRF,FCO,Rome–Fiumicino Leonardo da Vinci International Airport,41.804532,12.251998,IT,large_airport
LIRG,,Guidonia Air Base,41.990299,12.7408,IT,medium_airport
LIRI,QSR,Salerno Costa d'Amalfi Airport,40.620399,14.9113,IT,medium_airport
LIRJ,EBA,Marina di Campo Airport,42.760871,10.239811,IT,medium_airport
LIRL,,Latina Air Base,41.5424,12.909,IT,medium_airport
LIRM,,Grazzanise Air Base,41.060799,14.0819,IT,medium_airport
LIRN,NAP,Naples International Airport,40.886002,14.2908,IT,large_airport
LIRP,PSA,Pisa International Airport,43.683899,10.3927,IT,large_airport
LIRQ,FLR,"Florence Airport, Peretola",43.808558,11.202822,IT,large_airport
LIRS,GRS,Grosseto Corrado Baccarini Air Base / Grosseto Airport,42.759701,11.0719,IT,medium_airport
LIRU,,Rome Urbe Airport,41.952096,12.502231,IT,medium_airport
LIRV,,Viterbo Airport,42.435297,12.061362,IT,medium_airport
LIRZ,PEG,Perugia San Francesco d'Assisi – Umbria International Airport,43.095901,12.5132,IT,large_airport
LJCE,,Cerklje ob Krki Air Base,45.900002,15.5302,SI,medium_airport
LJLJ,LJU,Ljubljana Jože Pučnik Airport,46.223701,14.4576,SI,large_airport
LJMB,MBX,Maribor Edvard Rusjan Airport,46.4799,15.6861,SI,medium_airport
LJPZ,POW,Portorož Airport,45.47201,13.615951,SI,medium_airport
LKCS,JCL,České Budějovice South Bohemian Airport,48.948171,14.42832,CZ,large_airport
LKCV,,Čáslav Air Base,49.939701,15.3818,CZ,medium_airport
LKKB,,Prague–Kbely Air Base,50.121399,14.5436,CZ,medium_airport
LKKU,UHE,Kunovice Airport,49.0294,17.439699,CZ,medium_airport
LKKV,KLV,Karlovy Vary Airport,50.202999,12.915,CZ,large_airport
LKLN,,Plzeň-Líně Airport,49.675201,13.2746,CZ,medium_airport
LKMT,OSR,Leoš Janáček Airport Ostrava,49.696301,18.111099,CZ,large_airport
LKNA,,Náměšť Air Base,49.166272,16.123981,CZ,medium_airport
LKPD,PED,Pardubice Airport,50.015049,15.73981,CZ,large_airport
LKPO,PRV,Přerov Air Base,49.4258,17.404699,CZ,medium_airport
LKPR,PRG,Václav Havel Airport Prague,50.100874,14.259911,CZ,large_airport
LKTB,BRQ,Brno-Tuřany Airport,49.151276,16.693972,CZ,medium_airport
LKVO,VOD,Vodochody Airport,50.216599,14.3958,CZ,medium_airport
LMML,MLA,Malta International Airport,35.845932,14.491546,MT,large_airport
LOAN,,Wiener Neustadt East Airport,47.8433,16.260099,AT,medium_airport
LOWG,GRZ,Graz Airport,46.9911,15.4396,AT,large_airport
LOWI,INN,Innsbruck Airport,47.260201,11.344,AT,large_airport
LOWK,KLU,Klagenfurt Airport,46.642502,14.3377,AT,large_airport
LOWL,LNZ,Linz-Hörsching Airport,48.235362,14.188128,AT,large_airport
LOWS,SZG,Salzburg Airport,47.793301,13.0043,AT,large_airport
LOWW,VIE,Vienna International Airport,48.110298,16.5697,AT,large_airport
LOXN,,Wiener Neustadt West Airport,47.836933,16.221838,AT,medium_airport
LOXZ,,Hinterstoisser Air Base,47.202801,14.7442,AT,medium_airport
LPAR,,Alverca Air Base,38.883301,-9.0301,PT,medium_airport
LPBG,BGC,Bragança Airport,41.8578,-6.70713,PT,medium_airport
LPBJ,BYJ,Beja Airport / Airbase,38.078899,-7.9324,PT,medium_airport
LPBR,,Braga Municipal Aerodrome,41.587,-8.445189,PT,medium_airport
LPCB,,Aerodromo de Castelo Branco,39.844528,-7.439875,PT,medium_airport
LPCO,,Aerodromo Municipal de Coimbra,40.158758,-8.470815,PT,medium_airport
LPCS,CAT,Cascais Airport,38.724998,-9.35523,PT,medium_airport
LPEV,,Évora Airfield,38.533501,-7.88964,PT,medium_airport
LPFR,FAO,Faro - Gago Coutinho International Airport,37.015909,-7.970939,PT,large_airport
LPMR,,Monte Real Air Base,39.828335,-8.8875,PT,medium_airport
LPMT,,Montijo Air Base,38.70929,-9.03368,PT,medium_airport
LPOV,,Ovar Air Base,40.915901,-8.64592,PT,medium_airport
LPPM,PRM,Portimão Airport,37.1493,-8.58396,PT,medium_airport
LPPR,OPO,Francisco de Sá Carneiro Airport,41.2481002808,-8.68138980865,PT,large_airport
LPPT,LIS,Lisbon Humberto Delgado Airport,38.7813,-9.13592,PT,large_airport
LPSO,,Aeródromo Municipal de Ponte de Sor,39.211545,-8.057787,PT,medium_airport
LPST,,Sintra Air Base,38.8311,-9.33955,PT,medium_airport
LPTN,,Tancos Airbase,39.475101,-8.36458,PT,medium_airport
LPVL,,Vilar de Luz Airfield,41.27729,-8.516209,PT,medium_airport
LPVR,VRL,Vila Real Airport,41.2743,-7.72047,PT,medium_airport
LPVZ,VSE,Aerodromo Goncalves Lobato (Viseu Airport),40.725498,-7.88899,PT,medium_airport
LQBK,BNX,Banja Luka International Airport,44.941399,17.297501,BA,large_airport
LQMO,OMO,Mostar International Airport,43.282489,17.846101,BA,large_airport
LQSA,SJJ,Sarajevo International Airport,43.8246,18.331499,BA,large_airport
LQTZ,TZL,Tuzla International Airport,44.459858,18.723627,BA,large_airport
LRAR,ARW,Arad International Airport,46.176136,21.264322,RO,medium_airport
LRBM,BAY,Maramureș International Airport,47.658444,23.464445,RO,medium_airport
LRBV,GHV,Brașov-Ghimbav International Airport,45.70558,25.522871,RO,large_airport
LRCL,CLJ,Avram Iancu Cluj International Airport,46.786042,23.685733,RO,large_airport
LRCS,CSB,Caransebeş Airport,45.420142,22.252507,RO,medium_airport
LRCT,,Câmpia Turzii Air Base,46.5023,23.8859,RO,medium_airport
LRCV,CRA,Craiova International Airport,44.3181,23.888599,RO,large_airport
LROD,OMR,Oradea International Airport,47.025299,21.9025,RO,large_airport
LRSB,SBZ,Sibiu International Airport,45.785841,24.086666,RO,large_airport
LRSM,SUJ,Satu Mare International Airport,47.7033,22.8857,RO,medium_airport
LRTM,TGM,Târgu Mureş Transilvania International Airport,46.467701,24.4125,RO,medium_airport
LRTR,TSR,Timișoara Traian Vuia International Airport,45.809898,21.3379,RO,large_airport
LSGC,,Les Eplatures Airport,47.0839004517,6.792840003970001,CH,medium_airport
LSGG,GVA,Geneva International Airport,46.238098,6.10895,CH,large_airport
LSGS,SIR,Sion Airport,46.219166,7.326944,CH,medium_airport
LSMA,,Alpnach Air Base,46.943901,8.28417,CH,medium_airport
LSMD,,Dübendorf Air Base,47.398602,8.64823,CH,medium_airport
LSME,EML,Emmen Air Base,47.092444,8.305184,CH,medium_airport
LSMP,VIP,Payerne Air Base,46.8432,6.91506,CH,medium_airport
LSZA,LUG,Lugano Airport,46.004299,8.91058,CH,medium_airport
LSZB,BRN,Bern Airport,46.912736,7.498819,CH,medium_airport
LSZG,,Grenchen Airfield,47.181599,7.41719,CH,medium_airport
LSZH,ZRH,Zürich Airport,47.458056,8.548056,CH,large_airport
LSZR,ACH,Sankt Gallen Altenrhein Airport,47.485001,9.56077,CH,medium_airport
LSZS,SMV,Engadin Airport,46.5341,9.88411,CH,medium_airport
LWOH,OHD,Ohrid St. Paul the Apostle Airport,41.18,20.7423,MK,large_airport
LWSK,SKP,Skopje International Airport,41.958087,21.622581,MK,large_airport
LXGB,GIB,Gibraltar Airport,36.151679,-5.34978,GI,large_airport
LYBE,BEG,Belgrade Nikola Tesla Airport,44.818401,20.309099,RS,large_airport
LYBT,BJY,Batajnica Air Base,44.935299,20.2575,RS,medium_airport
LYKV,KVO,Morava Airport,43.817519,20.586662,RS,medium_airport
LYNI,INI,Niš Constantine the Great Airport,43.336538,21.856242,RS,large_airport
LYPG,TGD,Podgorica Airport / Podgorica Golubovci Airbase,42.359402,19.2519,ME,large_airport
LYTV,TIV,Tivat Airport,42.404701,18.723301,ME,medium_airport
LYUZ,UZC,Ponikve Airport,43.898899,19.697701,RS,medium_airport
LZIB,BTS,M. R. Štefánik Airport,48.1702,17.2127,SK,large_airport
LZKZ,KSC,Košice International Airport,48.663101,21.2411,SK,medium_airport
LZMC,,Malacky/Kuchyňa Air Base,48.402,17.118401,SK,medium_airport
LZPP,PZY,Piešťany Airport,48.62519836425781,17.828399658203125,SK,medium_airport
LZSL,SLD,Sliač Airport,48.63779830932617,19.13409996032715,SK,medium_airport
LZTT,TAT,Poprad-Tatry Airport,49.070994,20.241394,SK,medium_airport
LZZI,ILZ,Žilina-Dolný Hričov Airport,49.233292,18.613386,SK,medium_airport
UKLI,IFO,Ivano-Frankivsk International Airport,48.88420104980469,24.686100006103516,UA,medium_airport
UKLL,LWO,Lviv International Airport,49.8125,23.9561,UA,large_airport
UKLN,CWC,Chernivtsi International Airport,48.259300231933594,25.98080062866211,UA,medium_airport
UKLU,UDJ,Uzhhorod International Airport,48.6343,22.263399,UA,large_airport
UMBB,BQT,Brest International Airport,52.108138,23.89676,BY,large_airport
